Sheet,Cell,Formula
00_Summary,C8,='04_Zangge_Valuation'!B18
00_Summary,D8,='04_Zangge_Valuation'!C18
00_Summary,E8,='04_Zangge_Valuation'!D18
00_Summary,F8,='04_Zangge_Valuation'!E18
00_Summary,G8,='04_Zangge_Valuation'!F18
00_Summary,H8,='04_Zangge_Valuation'!K18
00_Summary,C9,='04_Zangge_Valuation'!B27
00_Summary,D9,='04_Zangge_Valuation'!C27
00_Summary,E9,='04_Zangge_Valuation'!D27
00_Summary,F9,='04_Zangge_Valuation'!E27
00_Summary,G9,='04_Zangge_Valuation'!F27
00_Summary,H9,='04_Zangge_Valuation'!K27
00_Summary,C10,='04_Zangge_Valuation'!B23
00_Summary,D10,='04_Zangge_Valuation'!C23
00_Summary,E10,='04_Zangge_Valuation'!D23
00_Summary,F10,='04_Zangge_Valuation'!E23
00_Summary,G10,='04_Zangge_Valuation'!F23
00_Summary,H10,='04_Zangge_Valuation'!K23
00_Summary,C11,='06_Zijin_Valuation'!B27
00_Summary,D11,='06_Zijin_Valuation'!C27
00_Summary,E11,='06_Zijin_Valuation'!D27
00_Summary,F11,='06_Zijin_Valuation'!E27
00_Summary,G11,='06_Zijin_Valuation'!F27
00_Summary,H11,='06_Zijin_Valuation'!K27
00_Summary,C12,='06_Zijin_Valuation'!B38
00_Summary,D12,='06_Zijin_Valuation'!C38
00_Summary,E12,='06_Zijin_Valuation'!D38
00_Summary,F12,='06_Zijin_Valuation'!E38
00_Summary,G12,='06_Zijin_Valuation'!F38
00_Summary,H12,='06_Zijin_Valuation'!K38
00_Summary,C13,='06_Zijin_Valuation'!B34
00_Summary,D13,='06_Zijin_Valuation'!C34
00_Summary,E13,='06_Zijin_Valuation'!D34
00_Summary,F13,='06_Zijin_Valuation'!E34
00_Summary,G13,='06_Zijin_Valuation'!F34
00_Summary,H13,='06_Zijin_Valuation'!K34
00_Summary,B17,='04_Zangge_Valuation'!B7
00_Summary,C17,='04_Zangge_Valuation'!F7
00_Summary,D17,='04_Zangge_Valuation'!K7
00_Summary,E17,='04_Zangge_Valuation'!B10
00_Summary,F17,='04_Zangge_Valuation'!F10
00_Summary,G17,='04_Zangge_Valuation'!K10
00_Summary,H17,='04_Zangge_Valuation'!B13
00_Summary,I17,='04_Zangge_Valuation'!F13
00_Summary,J17,='04_Zangge_Valuation'!K13
00_Summary,B18,='06_Zijin_Valuation'!B5
00_Summary,C18,='06_Zijin_Valuation'!F5
00_Summary,D18,='06_Zijin_Valuation'!K5
00_Summary,E18,='06_Zijin_Valuation'!B7
00_Summary,F18,='06_Zijin_Valuation'!F7
00_Summary,G18,='06_Zijin_Valuation'!K7
00_Summary,H18,='06_Zijin_Valuation'!B9
00_Summary,I18,='06_Zijin_Valuation'!F9
00_Summary,J18,='06_Zijin_Valuation'!K9
00_Summary,B22,='02_Shared_Julong'!B17
00_Summary,C22,='02_Shared_Julong'!B23
00_Summary,D22,='02_Shared_Julong'!B24
00_Summary,E22,=C22/('04_Zangge_Valuation'!B18*'07_Assumptions'!$B$9)
00_Summary,F22,=D22/'06_Zijin_Valuation'!B25
00_Summary,C23,=('03_Zangge_Unique'!B25+'03_Zangge_Unique'!B28+2.403)
00_Summary,D23,=C23*'07_Assumptions'!$B$7
00_Summary,E23,=C23/('04_Zangge_Valuation'!B18*'07_Assumptions'!$B$9)
00_Summary,F23,=D23/'06_Zijin_Valuation'!B25
00_Summary,B24,='06_Zijin_Valuation'!B25-'06_Zijin_Valuation'!B14
00_Summary,D24,=B24
00_Summary,F24,=D24/'06_Zijin_Valuation'!B25
01_Copper_Market,B11,=B10/1.13
01_Copper_Market,C11,=C10/1.13
01_Copper_Market,D11,=D10/1.13
01_Copper_Market,E11,=E10/1.13
01_Copper_Market,F11,=F10/1.13
01_Copper_Market,G11,=G10/1.13
01_Copper_Market,H11,=H10/1.13
01_Copper_Market,I11,=I10/1.13
01_Copper_Market,J11,=J10/1.13
01_Copper_Market,K11,=K10/1.13
01_Copper_Market,B12,=B11/B5
01_Copper_Market,C12,=C11/C5
01_Copper_Market,D12,=D11/D5
01_Copper_Market,E12,=E11/E5
01_Copper_Market,F12,=F11/F5
01_Copper_Market,G12,=G11/G5
01_Copper_Market,H12,=H11/H5
01_Copper_Market,I12,=I11/I5
01_Copper_Market,J12,=J11/J5
01_Copper_Market,K12,=K11/K5
02_Shared_Julong,B5,='01_Copper_Market'!B11
02_Shared_Julong,C5,='01_Copper_Market'!C11
02_Shared_Julong,D5,='01_Copper_Market'!D11
02_Shared_Julong,E5,='01_Copper_Market'!E11
02_Shared_Julong,F5,='01_Copper_Market'!F11
02_Shared_Julong,G5,='01_Copper_Market'!G11
02_Shared_Julong,H5,='01_Copper_Market'!H11
02_Shared_Julong,I5,='01_Copper_Market'!I11
02_Shared_Julong,J5,='01_Copper_Market'!J11
02_Shared_Julong,K5,='01_Copper_Market'!K11
02_Shared_Julong,C6,=B6*(1+'07_Assumptions'!$B$11)
02_Shared_Julong,D6,=C6*(1+'07_Assumptions'!$B$11)
02_Shared_Julong,E6,=D6*(1+'07_Assumptions'!$B$11)
02_Shared_Julong,F6,=E6*(1+'07_Assumptions'!$B$11)
02_Shared_Julong,G6,=F6*(1+'07_Assumptions'!$B$11)
02_Shared_Julong,H6,=G6*(1+'07_Assumptions'!$B$11)
02_Shared_Julong,I6,=H6*(1+'07_Assumptions'!$B$11)
02_Shared_Julong,J6,=I6*(1+'07_Assumptions'!$B$11)
02_Shared_Julong,K6,=J6*(1+'07_Assumptions'!$B$11)
02_Shared_Julong,B7,=B4*1000*B5/1000000000
02_Shared_Julong,C7,=C4*1000*C5/1000000000
02_Shared_Julong,D7,=D4*1000*D5/1000000000
02_Shared_Julong,E7,=E4*1000*E5/1000000000
02_Shared_Julong,F7,=F4*1000*F5/1000000000
02_Shared_Julong,G7,=G4*1000*G5/1000000000
02_Shared_Julong,H7,=H4*1000*H5/1000000000
02_Shared_Julong,I7,=I4*1000*I5/1000000000
02_Shared_Julong,J7,=J4*1000*J5/1000000000
02_Shared_Julong,K7,=K4*1000*K5/1000000000
02_Shared_Julong,B8,=B4*1000*(B5-B6)/1000000000
02_Shared_Julong,C8,=C4*1000*(C5-C6)/1000000000
02_Shared_Julong,D8,=D4*1000*(D5-D6)/1000000000
02_Shared_Julong,E8,=E4*1000*(E5-E6)/1000000000
02_Shared_Julong,F8,=F4*1000*(F5-F6)/1000000000
02_Shared_Julong,G8,=G4*1000*(G5-G6)/1000000000
02_Shared_Julong,H8,=H4*1000*(H5-H6)/1000000000
02_Shared_Julong,I8,=I4*1000*(I5-I6)/1000000000
02_Shared_Julong,J8,=J4*1000*(J5-J6)/1000000000
02_Shared_Julong,K8,=K4*1000*(K5-K6)/1000000000
02_Shared_Julong,B10,=B8*B9
02_Shared_Julong,C10,=C8*C9
02_Shared_Julong,D10,=D8*D9
02_Shared_Julong,E10,=E8*E9
02_Shared_Julong,F10,=F8*F9
02_Shared_Julong,G10,=G8*G9
02_Shared_Julong,H10,=H8*H9
02_Shared_Julong,I10,=I8*I9
02_Shared_Julong,J10,=J8*J9
02_Shared_Julong,K10,=K8*K9
02_Shared_Julong,B12,=B8*B11
02_Shared_Julong,C12,=C8*C11
02_Shared_Julong,D12,=D8*D11
02_Shared_Julong,E12,=E8*E11
02_Shared_Julong,F12,=F8*F11
02_Shared_Julong,G12,=G8*G11
02_Shared_Julong,H12,=H8*H11
02_Shared_Julong,I12,=I8*I11
02_Shared_Julong,J12,=J8*J11
02_Shared_Julong,K12,=K8*K11
02_Shared_Julong,B16,=C10/(1+'07_Assumptions'!$B$4)^1+D10/(1+'07_Assumptions'!$B$4)^2+E10/(1+'07_Assumptions'!$B$4)^3+F10/(1+'07_Assumptions'!$B$4)^4+G10/(1+'07_Assumptions'!$B$4)^5+H10/(1+'07_Assumptions'!$B$4)^6+I10/(1+'07_Assumptions'!$B$4)^7+J10/(1+'07_Assumptions'!$B$4)^8+K10/(1+'07_Assumptions'!$B$4)^9+$K$10*'07_Assumptions'!$B$27/(1+'07_Assumptions'!$B$4)^9
02_Shared_Julong,C16,=D10/(1+'07_Assumptions'!$B$4)^1+E10/(1+'07_Assumptions'!$B$4)^2+F10/(1+'07_Assumptions'!$B$4)^3+G10/(1+'07_Assumptions'!$B$4)^4+H10/(1+'07_Assumptions'!$B$4)^5+I10/(1+'07_Assumptions'!$B$4)^6+J10/(1+'07_Assumptions'!$B$4)^7+K10/(1+'07_Assumptions'!$B$4)^8+$K$10*'07_Assumptions'!$B$27/(1+'07_Assumptions'!$B$4)^8
02_Shared_Julong,D16,=E10/(1+'07_Assumptions'!$B$4)^1+F10/(1+'07_Assumptions'!$B$4)^2+G10/(1+'07_Assumptions'!$B$4)^3+H10/(1+'07_Assumptions'!$B$4)^4+I10/(1+'07_Assumptions'!$B$4)^5+J10/(1+'07_Assumptions'!$B$4)^6+K10/(1+'07_Assumptions'!$B$4)^7+$K$10*'07_Assumptions'!$B$27/(1+'07_Assumptions'!$B$4)^7
02_Shared_Julong,E16,=F10/(1+'07_Assumptions'!$B$4)^1+G10/(1+'07_Assumptions'!$B$4)^2+H10/(1+'07_Assumptions'!$B$4)^3+I10/(1+'07_Assumptions'!$B$4)^4+J10/(1+'07_Assumptions'!$B$4)^5+K10/(1+'07_Assumptions'!$B$4)^6+$K$10*'07_Assumptions'!$B$27/(1+'07_Assumptions'!$B$4)^6
02_Shared_Julong,F16,=G10/(1+'07_Assumptions'!$B$4)^1+H10/(1+'07_Assumptions'!$B$4)^2+I10/(1+'07_Assumptions'!$B$4)^3+J10/(1+'07_Assumptions'!$B$4)^4+K10/(1+'07_Assumptions'!$B$4)^5+$K$10*'07_Assumptions'!$B$27/(1+'07_Assumptions'!$B$4)^5
02_Shared_Julong,G16,=H10/(1+'07_Assumptions'!$B$4)^1+I10/(1+'07_Assumptions'!$B$4)^2+J10/(1+'07_Assumptions'!$B$4)^3+K10/(1+'07_Assumptions'!$B$4)^4+$K$10*'07_Assumptions'!$B$27/(1+'07_Assumptions'!$B$4)^4
02_Shared_Julong,H16,=I10/(1+'07_Assumptions'!$B$4)^1+J10/(1+'07_Assumptions'!$B$4)^2+K10/(1+'07_Assumptions'!$B$4)^3+$K$10*'07_Assumptions'!$B$27/(1+'07_Assumptions'!$B$4)^3
02_Shared_Julong,I16,=J10/(1+'07_Assumptions'!$B$4)^1+K10/(1+'07_Assumptions'!$B$4)^2+$K$10*'07_Assumptions'!$B$27/(1+'07_Assumptions'!$B$4)^2
02_Shared_Julong,J16,=K10/(1+'07_Assumptions'!$B$4)^1+$K$10*'07_Assumptions'!$B$27/(1+'07_Assumptions'!$B$4)^1
02_Shared_Julong,K16,=K10*'07_Assumptions'!$B$27
02_Shared_Julong,B17,=C10/(1+'07_Assumptions'!$B$4)^1+D10/(1+'07_Assumptions'!$B$4)^2+E10/(1+'07_Assumptions'!$B$4)^3+F10/(1+'07_Assumptions'!$B$4)^4+G10/(1+'07_Assumptions'!$B$4)^5+H10/(1+'07_Assumptions'!$B$4)^6+I10/(1+'07_Assumptions'!$B$4)^7+J10/(1+'07_Assumptions'!$B$4)^8+K10/(1+'07_Assumptions'!$B$4)^9+$K$10*'07_Assumptions'!$C$27/(1+'07_Assumptions'!$B$4)^9
02_Shared_Julong,C17,=D10/(1+'07_Assumptions'!$B$4)^1+E10/(1+'07_Assumptions'!$B$4)^2+F10/(1+'07_Assumptions'!$B$4)^3+G10/(1+'07_Assumptions'!$B$4)^4+H10/(1+'07_Assumptions'!$B$4)^5+I10/(1+'07_Assumptions'!$B$4)^6+J10/(1+'07_Assumptions'!$B$4)^7+K10/(1+'07_Assumptions'!$B$4)^8+$K$10*'07_Assumptions'!$C$27/(1+'07_Assumptions'!$B$4)^8
02_Shared_Julong,D17,=E10/(1+'07_Assumptions'!$B$4)^1+F10/(1+'07_Assumptions'!$B$4)^2+G10/(1+'07_Assumptions'!$B$4)^3+H10/(1+'07_Assumptions'!$B$4)^4+I10/(1+'07_Assumptions'!$B$4)^5+J10/(1+'07_Assumptions'!$B$4)^6+K10/(1+'07_Assumptions'!$B$4)^7+$K$10*'07_Assumptions'!$C$27/(1+'07_Assumptions'!$B$4)^7
02_Shared_Julong,E17,=F10/(1+'07_Assumptions'!$B$4)^1+G10/(1+'07_Assumptions'!$B$4)^2+H10/(1+'07_Assumptions'!$B$4)^3+I10/(1+'07_Assumptions'!$B$4)^4+J10/(1+'07_Assumptions'!$B$4)^5+K10/(1+'07_Assumptions'!$B$4)^6+$K$10*'07_Assumptions'!$C$27/(1+'07_Assumptions'!$B$4)^6
02_Shared_Julong,F17,=G10/(1+'07_Assumptions'!$B$4)^1+H10/(1+'07_Assumptions'!$B$4)^2+I10/(1+'07_Assumptions'!$B$4)^3+J10/(1+'07_Assumptions'!$B$4)^4+K10/(1+'07_Assumptions'!$B$4)^5+$K$10*'07_Assumptions'!$C$27/(1+'07_Assumptions'!$B$4)^5
02_Shared_Julong,G17,=H10/(1+'07_Assumptions'!$B$4)^1+I10/(1+'07_Assumptions'!$B$4)^2+J10/(1+'07_Assumptions'!$B$4)^3+K10/(1+'07_Assumptions'!$B$4)^4+$K$10*'07_Assumptions'!$C$27/(1+'07_Assumptions'!$B$4)^4
02_Shared_Julong,H17,=I10/(1+'07_Assumptions'!$B$4)^1+J10/(1+'07_Assumptions'!$B$4)^2+K10/(1+'07_Assumptions'!$B$4)^3+$K$10*'07_Assumptions'!$C$27/(1+'07_Assumptions'!$B$4)^3
02_Shared_Julong,I17,=J10/(1+'07_Assumptions'!$B$4)^1+K10/(1+'07_Assumptions'!$B$4)^2+$K$10*'07_Assumptions'!$C$27/(1+'07_Assumptions'!$B$4)^2
02_Shared_Julong,J17,=K10/(1+'07_Assumptions'!$B$4)^1+$K$10*'07_Assumptions'!$C$27/(1+'07_Assumptions'!$B$4)^1
02_Shared_Julong,K17,=K10*'07_Assumptions'!$C$27
02_Shared_Julong,B18,=C10/(1+'07_Assumptions'!$B$4)^1+D10/(1+'07_Assumptions'!$B$4)^2+E10/(1+'07_Assumptions'!$B$4)^3+F10/(1+'07_Assumptions'!$B$4)^4+G10/(1+'07_Assumptions'!$B$4)^5+H10/(1+'07_Assumptions'!$B$4)^6+I10/(1+'07_Assumptions'!$B$4)^7+J10/(1+'07_Assumptions'!$B$4)^8+K10/(1+'07_Assumptions'!$B$4)^9+$K$10*'07_Assumptions'!$D$27/(1+'07_Assumptions'!$B$4)^9
02_Shared_Julong,C18,=D10/(1+'07_Assumptions'!$B$4)^1+E10/(1+'07_Assumptions'!$B$4)^2+F10/(1+'07_Assumptions'!$B$4)^3+G10/(1+'07_Assumptions'!$B$4)^4+H10/(1+'07_Assumptions'!$B$4)^5+I10/(1+'07_Assumptions'!$B$4)^6+J10/(1+'07_Assumptions'!$B$4)^7+K10/(1+'07_Assumptions'!$B$4)^8+$K$10*'07_Assumptions'!$D$27/(1+'07_Assumptions'!$B$4)^8
03_Zangge_Unique,C6,=B6*(1+'07_Assumptions'!$B$12)
03_Zangge_Unique,D6,=C6*(1+'07_Assumptions'!$B$12)
03_Zangge_Unique,E6,=D6*(1+'07_Assumptions'!$B$12)
03_Zangge_Unique,F6,=E6*(1+'07_Assumptions'!$B$12)
03_Zangge_Unique,G6,=F6*(1+'07_Assumptions'!$B$12)
03_Zangge_Unique,H6,=G6*(1+'07_Assumptions'!$B$12)
03_Zangge_Unique,I6,=H6*(1+'07_Assumptions'!$B$12)
03_Zangge_Unique,J6,=I6*(1+'07_Assumptions'!$B$12)
03_Zangge_Unique,K6,=J6*(1+'07_Assumptions'!$B$12)
03_Zangge_Unique,B7,=B4*1000*(B5/1.09-B6)/1000000000
03_Zangge_Unique,C7,=C4*1000*(C5/1.09-C6)/1000000000
03_Zangge_Unique,D7,=D4*1000*(D5/1.09-D6)/1000000000
03_Zangge_Unique,E7,=E4*1000*(E5/1.09-E6)/1000000000
03_Zangge_Unique,F7,=F4*1000*(F5/1.09-F6)/1000000000
03_Zangge_Unique,G7,=G4*1000*(G5/1.09-G6)/1000000000
03_Zangge_Unique,H7,=H4*1000*(H5/1.09-H6)/1000000000
03_Zangge_Unique,I7,=I4*1000*(I5/1.09-I6)/1000000000
03_Zangge_Unique,J7,=J4*1000*(J5/1.09-J6)/1000000000
03_Zangge_Unique,K7,=K4*1000*(K5/1.09-K6)/1000000000
03_Zangge_Unique,C10,=B10*(1+'07_Assumptions'!$B$12)
03_Zangge_Unique,D10,=C10*(1+'07_Assumptions'!$B$12)
03_Zangge_Unique,E10,=D10*(1+'07_Assumptions'!$B$12)
03_Zangge_Unique,F10,=E10*(1+'07_Assumptions'!$B$12)
03_Zangge_Unique,G10,=F10*(1+'07_Assumptions'!$B$12)
03_Zangge_Unique,H10,=G10*(1+'07_Assumptions'!$B$12)
03_Zangge_Unique,I10,=H10*(1+'07_Assumptions'!$B$12)
03_Zangge_Unique,J10,=I10*(1+'07_Assumptions'!$B$12)
03_Zangge_Unique,K10,=J10*(1+'07_Assumptions'!$B$12)
03_Zangge_Unique,B11,=B8*1000*((B9*1000)/1.13-(B10*1000))/1000000000
03_Zangge_Unique,C11,=C8*1000*((C9*1000)/1.13-(C10*1000))/1000000000
03_Zangge_Unique,D11,=D8*1000*((D9*1000)/1.13-(D10*1000))/1000000000
03_Zangge_Unique,E11,=E8*1000*((E9*1000)/1.13-(E10*1000))/1000000000
03_Zangge_Unique,F11,=F8*1000*((F9*1000)/1.13-(F10*1000))/1000000000
03_Zangge_Unique,G11,=G8*1000*((G9*1000)/1.13-(G10*1000))/1000000000
03_Zangge_Unique,H11,=H8*1000*((H9*1000)/1.13-(H10*1000))/1000000000
03_Zangge_Unique,I11,=I8*1000*((I9*1000)/1.13-(I10*1000))/1000000000
03_Zangge_Unique,J11,=J8*1000*((J9*1000)/1.13-(J10*1000))/1000000000
03_Zangge_Unique,K11,=K8*1000*((K9*1000)/1.13-(K10*1000))/1000000000
03_Zangge_Unique,B12,=(B7+B11)*'07_Assumptions'!$B$16
03_Zangge_Unique,C12,=(C7+C11)*'07_Assumptions'!$B$16
03_Zangge_Unique,D12,=(D7+D11)*'07_Assumptions'!$B$16
03_Zangge_Unique,E12,=(E7+E11)*'07_Assumptions'!$B$16
03_Zangge_Unique,F12,=(F7+F11)*'07_Assumptions'!$B$16
03_Zangge_Unique,G12,=(G7+G11)*'07_Assumptions'!$B$16
03_Zangge_Unique,H12,=(H7+H11)*'07_Assumptions'!$B$16
03_Zangge_Unique,I12,=(I7+I11)*'07_Assumptions'!$B$16
03_Zangge_Unique,J12,=(J7+J11)*'07_Assumptions'!$B$16
03_Zangge_Unique,K12,=(K7+K11)*'07_Assumptions'!$B$16
03_Zangge_Unique,B13,=B12*90%
03_Zangge_Unique,C13,=C12*90%
03_Zangge_Unique,D13,=D12*90%
03_Zangge_Unique,E13,=E12*90%
03_Zangge_Unique,F13,=F12*90%
03_Zangge_Unique,G13,=G12*90%
03_Zangge_Unique,H13,=H12*90%
03_Zangge_Unique,I13,=I12*90%
03_Zangge_Unique,J13,=J12*90%
03_Zangge_Unique,K13,=K12*90%
03_Zangge_Unique,E16,=D16*(1+'07_Assumptions'!$B$12)
03_Zangge_Unique,F16,=E16*(1+'07_Assumptions'!$B$12)
03_Zangge_Unique,G16,=F16*(1+'07_Assumptions'!$B$12)
03_Zangge_Unique,H16,=G16*(1+'07_Assumptions'!$B$12)
03_Zangge_Unique,I16,=H16*(1+'07_Assumptions'!$B$12)
03_Zangge_Unique,J16,=I16*(1+'07_Assumptions'!$B$12)
03_Zangge_Unique,K16,=J16*(1+'07_Assumptions'!$B$12)
03_Zangge_Unique,B17,=B15*1000*((B9*1000)/1.13-(B16*1000))/1000000000*'07_Assumptions'!$B$8
03_Zangge_Unique,C17,=C15*1000*((C9*1000)/1.13-(C16*1000))/1000000000*'07_Assumptions'!$B$8
03_Zangge_Unique,D17,=D15*1000*((D9*1000)/1.13-(D16*1000))/1000000000*'07_Assumptions'!$B$8
03_Zangge_Unique,E17,=E15*1000*((E9*1000)/1.13-(E16*1000))/1000000000*'07_Assumptions'!$B$8
03_Zangge_Unique,F17,=F15*1000*((F9*1000)/1.13-(F16*1000))/1000000000*'07_Assumptions'!$B$8
03_Zangge_Unique,G17,=G15*1000*((G9*1000)/1.13-(G16*1000))/1000000000*'07_Assumptions'!$B$8
03_Zangge_Unique,H17,=H15*1000*((H9*1000)/1.13-(H16*1000))/1000000000*'07_Assumptions'!$B$8
03_Zangge_Unique,I17,=I15*1000*((I9*1000)/1.13-(I16*1000))/1000000000*'07_Assumptions'!$B$8
03_Zangge_Unique,J17,=J15*1000*((J9*1000)/1.13-(J16*1000))/1000000000*'07_Assumptions'!$B$8
03_Zangge_Unique,K17,=K15*1000*((K9*1000)/1.13-(K16*1000))/1000000000*'07_Assumptions'!$B$8
03_Zangge_Unique,B18,=B17*'07_Assumptions'!$B$17
03_Zangge_Unique,C18,=C17*'07_Assumptions'!$B$17
03_Zangge_Unique,D18,=D17*'07_Assumptions'!$B$17
03_Zangge_Unique,E18,=E17*'07_Assumptions'!$B$17
03_Zangge_Unique,F18,=F17*'07_Assumptions'!$B$17
03_Zangge_Unique,G18,=G17*'07_Assumptions'!$B$17
03_Zangge_Unique,H18,=H17*'07_Assumptions'!$B$17
03_Zangge_Unique,I18,=I17*'07_Assumptions'!$B$17
03_Zangge_Unique,J18,=J17*'07_Assumptions'!$B$17
03_Zangge_Unique,K18,=K17*'07_Assumptions'!$B$17
03_Zangge_Unique,B20,=B18*B19*'07_Assumptions'!$B$18
03_Zangge_Unique,C20,=C18*C19*'07_Assumptions'!$B$18
03_Zangge_Unique,D20,=D18*D19*'07_Assumptions'!$B$18
03_Zangge_Unique,E20,=E18*E19*'07_Assumptions'!$B$18
03_Zangge_Unique,F20,=F18*F19*'07_Assumptions'!$B$18
03_Zangge_Unique,G20,=G18*G19*'07_Assumptions'!$B$18
03_Zangge_Unique,H20,=H18*H19*'07_Assumptions'!$B$18
03_Zangge_Unique,I20,=I18*I19*'07_Assumptions'!$B$18
03_Zangge_Unique,J20,=J18*J19*'07_Assumptions'!$B$18
03_Zangge_Unique,K20,=K18*K19*'07_Assumptions'!$B$18
03_Zangge_Unique,B24,=C13/(1+'07_Assumptions'!$B$4)^1+D13/(1+'07_Assumptions'!$B$4)^2+E13/(1+'07_Assumptions'!$B$4)^3+F13/(1+'07_Assumptions'!$B$4)^4+G13/(1+'07_Assumptions'!$B$4)^5+H13/(1+'07_Assumptions'!$B$4)^6+I13/(1+'07_Assumptions'!$B$4)^7+J13/(1+'07_Assumptions'!$B$4)^8+K13/(1+'07_Assumptions'!$B$4)^9+$K$13*'07_Assumptions'!$B$28/(1+'07_Assumptions'!$B$4)^9
03_Zangge_Unique,C24,=D13/(1+'07_Assumptions'!$B$4)^1+E13/(1+'07_Assumptions'!$B$4)^2+F13/(1+'07_Assumptions'!$B$4)^3+G13/(1+'07_Assumptions'!$B$4)^4+H13/(1+'07_Assumptions'!$B$4)^5+I13/(1+'07_Assumptions'!$B$4)^6+J13/(1+'07_Assumptions'!$B$4)^7+K13/(1+'07_Assumptions'!$B$4)^8+$K$13*'07_Assumptions'!$B$28/(1+'07_Assumptions'!$B$4)^8
03_Zangge_Unique,D24,=E13/(1+'07_Assumptions'!$B$4)^1+F13/(1+'07_Assumptions'!$B$4)^2+G13/(1+'07_Assumptions'!$B$4)^3+H13/(1+'07_Assumptions'!$B$4)^4+I13/(1+'07_Assumptions'!$B$4)^5+J13/(1+'07_Assumptions'!$B$4)^6+K13/(1+'07_Assumptions'!$B$4)^7+$K$13*'07_Assumptions'!$B$28/(1+'07_Assumptions'!$B$4)^7
03_Zangge_Unique,E24,=F13/(1+'07_Assumptions'!$B$4)^1+G13/(1+'07_Assumptions'!$B$4)^2+H13/(1+'07_Assumptions'!$B$4)^3+I13/(1+'07_Assumptions'!$B$4)^4+J13/(1+'07_Assumptions'!$B$4)^5+K13/(1+'07_Assumptions'!$B$4)^6+$K$13*'07_Assumptions'!$B$28/(1+'07_Assumptions'!$B$4)^6
04_Zangge_Valuation,B4,='02_Shared_Julong'!B8*'07_Assumptions'!$B$5
04_Zangge_Valuation,C4,='02_Shared_Julong'!C8*'07_Assumptions'!$B$5
04_Zangge_Valuation,D4,='02_Shared_Julong'!D8*'07_Assumptions'!$B$5
04_Zangge_Valuation,E4,='02_Shared_Julong'!E8*'07_Assumptions'!$B$5
04_Zangge_Valuation,F4,='02_Shared_Julong'!F8*'07_Assumptions'!$B$5
04_Zangge_Valuation,G4,='02_Shared_Julong'!G8*'07_Assumptions'!$B$5
04_Zangge_Valuation,H4,='02_Shared_Julong'!H8*'07_Assumptions'!$B$5
04_Zangge_Valuation,I4,='02_Shared_Julong'!I8*'07_Assumptions'!$B$5
04_Zangge_Valuation,J4,='02_Shared_Julong'!J8*'07_Assumptions'!$B$5
04_Zangge_Valuation,K4,='02_Shared_Julong'!K8*'07_Assumptions'!$B$5
04_Zangge_Valuation,B5,='03_Zangge_Unique'!B12
04_Zangge_Valuation,C5,='03_Zangge_Unique'!C12
04_Zangge_Valuation,D5,='03_Zangge_Unique'!D12
04_Zangge_Valuation,E5,='03_Zangge_Unique'!E12
04_Zangge_Valuation,F5,='03_Zangge_Unique'!F12
04_Zangge_Valuation,G5,='03_Zangge_Unique'!G12
04_Zangge_Valuation,H5,='03_Zangge_Unique'!H12
04_Zangge_Valuation,I5,='03_Zangge_Unique'!I12
04_Zangge_Valuation,J5,='03_Zangge_Unique'!J12
04_Zangge_Valuation,K5,='03_Zangge_Unique'!K12
04_Zangge_Valuation,B6,='03_Zangge_Unique'!B18
04_Zangge_Valuation,C6,='03_Zangge_Unique'!C18
04_Zangge_Valuation,D6,='03_Zangge_Unique'!D18
04_Zangge_Valuation,E6,='03_Zangge_Unique'!E18
04_Zangge_Valuation,F6,='03_Zangge_Unique'!F18
04_Zangge_Valuation,G6,='03_Zangge_Unique'!G18
04_Zangge_Valuation,H6,='03_Zangge_Unique'!H18
04_Zangge_Valuation,I6,='03_Zangge_Unique'!I18
04_Zangge_Valuation,J6,='03_Zangge_Unique'!J18
04_Zangge_Valuation,K6,='03_Zangge_Unique'!K18
04_Zangge_Valuation,B7,=SUM(B4:B6)
04_Zangge_Valuation,C7,=SUM(C4:C6)
04_Zangge_Valuation,D7,=SUM(D4:D6)
04_Zangge_Valuation,E7,=SUM(E4:E6)
04_Zangge_Valuation,F7,=SUM(F4:F6)
04_Zangge_Valuation,G7,=SUM(G4:G6)
04_Zangge_Valuation,H7,=SUM(H4:H6)
04_Zangge_Valuation,I7,=SUM(I4:I6)
04_Zangge_Valuation,J7,=SUM(J4:J6)
04_Zangge_Valuation,K7,=SUM(K4:K6)
04_Zangge_Valuation,B8,=B7/'07_Assumptions'!$B$9
04_Zangge_Valuation,C8,=C7/'07_Assumptions'!$B$9
04_Zangge_Valuation,D8,=D7/'07_Assumptions'!$B$9
04_Zangge_Valuation,E8,=E7/'07_Assumptions'!$B$9
04_Zangge_Valuation,F8,=F7/'07_Assumptions'!$B$9
04_Zangge_Valuation,G8,=G7/'07_Assumptions'!$B$9
04_Zangge_Valuation,H8,=H7/'07_Assumptions'!$B$9
04_Zangge_Valuation,I8,=I7/'07_Assumptions'!$B$9
04_Zangge_Valuation,J8,=J7/'07_Assumptions'!$B$9
04_Zangge_Valuation,K8,=K7/'07_Assumptions'!$B$9
04_Zangge_Valuation,B10,='02_Shared_Julong'!B10*'07_Assumptions'!$B$5+'03_Zangge_Unique'!B13+'03_Zangge_Unique'!B20
04_Zangge_Valuation,C10,='02_Shared_Julong'!C10*'07_Assumptions'!$B$5+'03_Zangge_Unique'!C13+'03_Zangge_Unique'!C20
04_Zangge_Valuation,D10,='02_Shared_Julong'!D10*'07_Assumptions'!$B$5+'03_Zangge_Unique'!D13+'03_Zangge_Unique'!D20
04_Zangge_Valuation,E10,='02_Shared_Julong'!E10*'07_Assumptions'!$B$5+'03_Zangge_Unique'!E13+'03_Zangge_Unique'!E20
04_Zangge_Valuation,F10,='02_Shared_Julong'!F10*'07_Assumptions'!$B$5+'03_Zangge_Unique'!F13+'03_Zangge_Unique'!F20
04_Zangge_Valuation,G10,='02_Shared_Julong'!G10*'07_Assumptions'!$B$5+'03_Zangge_Unique'!G13+'03_Zangge_Unique'!G20
04_Zangge_Valuation,H10,='02_Shared_Julong'!H10*'07_Assumptions'!$B$5+'03_Zangge_Unique'!H13+'03_Zangge_Unique'!H20
04_Zangge_Valuation,I10,='02_Shared_Julong'!I10*'07_Assumptions'!$B$5+'03_Zangge_Unique'!I13+'03_Zangge_Unique'!I20
04_Zangge_Valuation,J10,='02_Shared_Julong'!J10*'07_Assumptions'!$B$5+'03_Zangge_Unique'!J13+'03_Zangge_Unique'!J20
04_Zangge_Valuation,K10,='02_Shared_Julong'!K10*'07_Assumptions'!$B$5+'03_Zangge_Unique'!K13+'03_Zangge_Unique'!K20
04_Zangge_Valuation,B11,='02_Shared_Julong'!B12*'07_Assumptions'!$B$5+'03_Zangge_Unique'!B13+'03_Zangge_Unique'!B20
04_Zangge_Valuation,C11,='02_Shared_Julong'!C12*'07_Assumptions'!$B$5+'03_Zangge_Unique'!C13+'03_Zangge_Unique'!C20
04_Zangge_Valuation,D11,='02_Shared_Julong'!D12*'07_Assumptions'!$B$5+'03_Zangge_Unique'!D13+'03_Zangge_Unique'!D20
04_Zangge_Valuation,E11,='02_Shared_Julong'!E12*'07_Assumptions'!$B$5+'03_Zangge_Unique'!E13+'03_Zangge_Unique'!E20
04_Zangge_Valuation,F11,='02_Shared_Julong'!F12*'07_Assumptions'!$B$5+'03_Zangge_Unique'!F13+'03_Zangge_Unique'!F20
04_Zangge_Valuation,G11,='02_Shared_Julong'!G12*'07_Assumptions'!$B$5+'03_Zangge_Unique'!G13+'03_Zangge_Unique'!G20
04_Zangge_Valuation,H11,='02_Shared_Julong'!H12*'07_Assumptions'!$B$5+'03_Zangge_Unique'!H13+'03_Zangge_Unique'!H20
04_Zangge_Valuation,I11,='02_Shared_Julong'!I12*'07_Assumptions'!$B$5+'03_Zangge_Unique'!I13+'03_Zangge_Unique'!I20
04_Zangge_Valuation,J11,='02_Shared_Julong'!J12*'07_Assumptions'!$B$5+'03_Zangge_Unique'!J13+'03_Zangge_Unique'!J20
04_Zangge_Valuation,K11,='02_Shared_Julong'!K12*'07_Assumptions'!$B$5+'03_Zangge_Unique'!K13+'03_Zangge_Unique'!K20
04_Zangge_Valuation,B12,"=MIN(B7*50%,B11*65%)"
04_Zangge_Valuation,C12,"=MIN(C7*50%,C11*65%)"
04_Zangge_Valuation,D12,"=MIN(D7*50%,D11*65%)"
04_Zangge_Valuation,E12,"=MIN(E7*50%,E11*65%)"
04_Zangge_Valuation,F12,"=MIN(F7*50%,F11*65%)"
04_Zangge_Valuation,G12,"=MIN(G7*50%,G11*65%)"
04_Zangge_Valuation,H12,"=MIN(H7*50%,H11*65%)"
04_Zangge_Valuation,I12,"=MIN(I7*50%,I11*65%)"
04_Zangge_Valuation,J12,"=MIN(J7*50%,J11*65%)"
04_Zangge_Valuation,K12,"=MIN(K7*50%,K11*65%)"
04_Zangge_Valuation,B13,=B12/'07_Assumptions'!$B$9
04_Zangge_Valuation,C13,=C12/'07_Assumptions'!$B$9
04_Zangge_Valuation,D13,=D12/'07_Assumptions'!$B$9
04_Zangge_Valuation,E13,=E12/'07_Assumptions'!$B$9
04_Zangge_Valuation,F13,=F12/'07_Assumptions'!$B$9
04_Zangge_Valuation,G13,=G12/'07_Assumptions'!$B$9
04_Zangge_Valuation,H13,=H12/'07_Assumptions'!$B$9
04_Zangge_Valuation,I13,=I12/'07_Assumptions'!$B$9
04_Zangge_Valuation,J13,=J12/'07_Assumptions'!$B$9
04_Zangge_Valuation,K13,=K12/'07_Assumptions'!$B$9
04_Zangge_Valuation,B17,=('02_Shared_Julong'!B16*'07_Assumptions'!$B$5+'03_Zangge_Unique'!B24+'03_Zangge_Unique'!B27+2.403)/'07_Assumptions'!$B$9
04_Zangge_Valuation,C17,=('02_Shared_Julong'!C16*'07_Assumptions'!$B$5+'03_Zangge_Unique'!C24+'03_Zangge_Unique'!C27+2.403)/'07_Assumptions'!$B$9
04_Zangge_Valuation,D17,=('02_Shared_Julong'!D16*'07_Assumptions'!$B$5+'03_Zangge_Unique'!D24+'03_Zangge_Unique'!D27+2.403)/'07_Assumptions'!$B$9
04_Zangge_Valuation,E17,=('02_Shared_Julong'!E16*'07_Assumptions'!$B$5+'03_Zangge_Unique'!E24+'03_Zangge_Unique'!E27+2.403)/'07_Assumptions'!$B$9
04_Zangge_Valuation,F17,=('02_Shared_Julong'!F16*'07_Assumptions'!$B$5+'03_Zangge_Unique'!F24+'03_Zangge_Unique'!F27+2.403)/'07_Assumptions'!$B$9
04_Zangge_Valuation,G17,=('02_Shared_Julong'!G16*'07_Assumptions'!$B$5+'03_Zangge_Unique'!G24+'03_Zangge_Unique'!G27+2.403)/'07_Assumptions'!$B$9
05_Zijin_Assets,B6,=B4*1000*B5
05_Zijin_Assets,C6,=C4*1000*C5
05_Zijin_Assets,D6,=D4*1000*D5
05_Zijin_Assets,E6,=E4*1000*E5
05_Zijin_Assets,F6,=F4*1000*F5
05_Zijin_Assets,G6,=G4*1000*G5
05_Zijin_Assets,H6,=H4*1000*H5
05_Zijin_Assets,I6,=I4*1000*I5
05_Zijin_Assets,J6,=J4*1000*J5
05_Zijin_Assets,K6,=K4*1000*K5
05_Zijin_Assets,B7,='02_Shared_Julong'!B4*'07_Assumptions'!$B$6
05_Zijin_Assets,C7,='02_Shared_Julong'!C4*'07_Assumptions'!$B$6
05_Zijin_Assets,D7,='02_Shared_Julong'!D4*'07_Assumptions'!$B$6
05_Zijin_Assets,E7,='02_Shared_Julong'!E4*'07_Assumptions'!$B$6
05_Zijin_Assets,F7,='02_Shared_Julong'!F4*'07_Assumptions'!$B$6
05_Zijin_Assets,G7,='02_Shared_Julong'!G4*'07_Assumptions'!$B$6
05_Zijin_Assets,H7,='02_Shared_Julong'!H4*'07_Assumptions'!$B$6
05_Zijin_Assets,I7,='02_Shared_Julong'!I4*'07_Assumptions'!$B$6
05_Zijin_Assets,J7,='02_Shared_Julong'!J4*'07_Assumptions'!$B$6
05_Zijin_Assets,K7,='02_Shared_Julong'!K4*'07_Assumptions'!$B$6
05_Zijin_Assets,B10,=B8*B9
05_Zijin_Assets,C10,=C8*C9
05_Zijin_Assets,D10,=D8*D9
05_Zijin_Assets,E10,=E8*E9
05_Zijin_Assets,F10,=F8*F9
05_Zijin_Assets,G10,=G8*G9
05_Zijin_Assets,H10,=H8*H9
05_Zijin_Assets,I10,=I8*I9
05_Zijin_Assets,J10,=J8*J9
05_Zijin_Assets,K10,=K8*K9
05_Zijin_Assets,B13,=B11*B12
05_Zijin_Assets,C13,=C11*C12
05_Zijin_Assets,D13,=D11*D12
05_Zijin_Assets,E13,=E11*E12
05_Zijin_Assets,F13,=F11*F12
05_Zijin_Assets,G13,=G11*G12
05_Zijin_Assets,H13,=H11*H12
05_Zijin_Assets,I13,=I11*I12
05_Zijin_Assets,J13,=J11*J12
05_Zijin_Assets,K13,=K11*K12
05_Zijin_Assets,B14,=B6-B7-B10-B13
05_Zijin_Assets,C14,=C6-C7-C10-C13
05_Zijin_Assets,D14,=D6-D7-D10-D13
05_Zijin_Assets,E14,=E6-E7-E10-E13
05_Zijin_Assets,F14,=F6-F7-F10-F13
05_Zijin_Assets,G14,=G6-G7-G10-G13
05_Zijin_Assets,H14,=H6-H7-H10-H13
05_Zijin_Assets,I14,=I6-I7-I10-I13
05_Zijin_Assets,J14,=J6-J7-J10-J13
05_Zijin_Assets,K14,=K6-K7-K10-K13
05_Zijin_Assets,B15,='01_Copper_Market'!B11
05_Zijin_Assets,C15,='01_Copper_Market'!C11
05_Zijin_Assets,D15,='01_Copper_Market'!D11
05_Zijin_Assets,E15,='01_Copper_Market'!E11
05_Zijin_Assets,F15,='01_Copper_Market'!F11
05_Zijin_Assets,G15,='01_Copper_Market'!G11
05_Zijin_Assets,H15,='01_Copper_Market'!H11
05_Zijin_Assets,I15,='01_Copper_Market'!I11
05_Zijin_Assets,J15,='01_Copper_Market'!J11
05_Zijin_Assets,K15,='01_Copper_Market'!K11
05_Zijin_Assets,B16,='02_Shared_Julong'!B8*'07_Assumptions'!$B$6
05_Zijin_Assets,C16,='02_Shared_Julong'!C8*'07_Assumptions'!$B$6
05_Zijin_Assets,D16,='02_Shared_Julong'!D8*'07_Assumptions'!$B$6
05_Zijin_Assets,E16,='02_Shared_Julong'!E8*'07_Assumptions'!$B$6
05_Zijin_Assets,F16,='02_Shared_Julong'!F8*'07_Assumptions'!$B$6
05_Zijin_Assets,G16,='02_Shared_Julong'!G8*'07_Assumptions'!$B$6
05_Zijin_Assets,H16,='02_Shared_Julong'!H8*'07_Assumptions'!$B$6
05_Zijin_Assets,I16,='02_Shared_Julong'!I8*'07_Assumptions'!$B$6
05_Zijin_Assets,J16,='02_Shared_Julong'!J8*'07_Assumptions'!$B$6
05_Zijin_Assets,K16,='02_Shared_Julong'!K8*'07_Assumptions'!$B$6
05_Zijin_Assets,B17,='02_Shared_Julong'!B10*'07_Assumptions'!$B$6
05_Zijin_Assets,C17,='02_Shared_Julong'!C10*'07_Assumptions'!$B$6
05_Zijin_Assets,D17,='02_Shared_Julong'!D10*'07_Assumptions'!$B$6
05_Zijin_Assets,E17,='02_Shared_Julong'!E10*'07_Assumptions'!$B$6
05_Zijin_Assets,F17,='02_Shared_Julong'!F10*'07_Assumptions'!$B$6
05_Zijin_Assets,G17,='02_Shared_Julong'!G10*'07_Assumptions'!$B$6
05_Zijin_Assets,H17,='02_Shared_Julong'!H10*'07_Assumptions'!$B$6
05_Zijin_Assets,I17,='02_Shared_Julong'!I10*'07_Assumptions'!$B$6
05_Zijin_Assets,J17,='02_Shared_Julong'!J10*'07_Assumptions'!$B$6
05_Zijin_Assets,K17,='02_Shared_Julong'!K10*'07_Assumptions'!$B$6
05_Zijin_Assets,B22,=B18*1000*B15*'07_Assumptions'!$B$13/1000000000
05_Zijin_Assets,C22,=C18*1000*C15*'07_Assumptions'!$B$13/1000000000
05_Zijin_Assets,D22,=D18*1000*D15*'07_Assumptions'!$B$13/1000000000
05_Zijin_Assets,E22,=E18*1000*E15*'07_Assumptions'!$B$13/1000000000
05_Zijin_Assets,F22,=F18*1000*F15*'07_Assumptions'!$B$13/1000000000
05_Zijin_Assets,G22,=G18*1000*G15*'07_Assumptions'!$B$13/1000000000
05_Zijin_Assets,H22,=H18*1000*H15*'07_Assumptions'!$B$13/1000000000
05_Zijin_Assets,I22,=I18*1000*I15*'07_Assumptions'!$B$13/1000000000
05_Zijin_Assets,J22,=J18*1000*J15*'07_Assumptions'!$B$13/1000000000
05_Zijin_Assets,K22,=K18*1000*K15*'07_Assumptions'!$B$13/1000000000
05_Zijin_Assets,B23,=B18*1000*B19*2204.62262*'01_Copper_Market'!B12/1000000000
05_Zijin_Assets,C23,=C18*1000*C19*2204.62262*'01_Copper_Market'!C12/1000000000
05_Zijin_Assets,D23,=D18*1000*D19*2204.62262*'01_Copper_Market'!D12/1000000000
05_Zijin_Assets,E23,=E18*1000*E19*2204.62262*'01_Copper_Market'!E12/1000000000
05_Zijin_Assets,F23,=F18*1000*F19*2204.62262*'01_Copper_Market'!F12/1000000000
05_Zijin_Assets,G23,=G18*1000*G19*2204.62262*'01_Copper_Market'!G12/1000000000
05_Zijin_Assets,H23,=H18*1000*H19*2204.62262*'01_Copper_Market'!H12/1000000000
05_Zijin_Assets,I23,=I18*1000*I19*2204.62262*'01_Copper_Market'!I12/1000000000
05_Zijin_Assets,J23,=J18*1000*J19*2204.62262*'01_Copper_Market'!J12/1000000000
05_Zijin_Assets,K23,=K18*1000*K19*2204.62262*'01_Copper_Market'!K12/1000000000
05_Zijin_Assets,B24,=B18*1000*B20*2204.62262*'01_Copper_Market'!B12/1000000000
05_Zijin_Assets,C24,=C18*1000*C20*2204.62262*'01_Copper_Market'!C12/1000000000
05_Zijin_Assets,D24,=D18*1000*D20*2204.62262*'01_Copper_Market'!D12/1000000000
05_Zijin_Assets,E24,=E18*1000*E20*2204.62262*'01_Copper_Market'!E12/1000000000
05_Zijin_Assets,F24,=F18*1000*F20*2204.62262*'01_Copper_Market'!F12/1000000000
05_Zijin_Assets,G24,=G18*1000*G20*2204.62262*'01_Copper_Market'!G12/1000000000
05_Zijin_Assets,H24,=H18*1000*H20*2204.62262*'01_Copper_Market'!H12/1000000000
05_Zijin_Assets,I24,=I18*1000*I20*2204.62262*'01_Copper_Market'!I12/1000000000
05_Zijin_Assets,J24,=J18*1000*J20*2204.62262*'01_Copper_Market'!J12/1000000000
05_Zijin_Assets,K24,=K18*1000*K20*2204.62262*'01_Copper_Market'!K12/1000000000
05_Zijin_Assets,B25,=B22-B23-B24
06_Zijin_Valuation,B5,='05_Zijin_Assets'!B69
06_Zijin_Valuation,C5,='05_Zijin_Assets'!C69
06_Zijin_Valuation,D5,='05_Zijin_Assets'!D69
06_Zijin_Valuation,E5,='05_Zijin_Assets'!E69
06_Zijin_Valuation,F5,='05_Zijin_Assets'!F69
06_Zijin_Valuation,G5,='05_Zijin_Assets'!G69
06_Zijin_Valuation,H5,='05_Zijin_Assets'!H69
06_Zijin_Valuation,I5,='05_Zijin_Assets'!I69
06_Zijin_Valuation,J5,='05_Zijin_Assets'!J69
06_Zijin_Valuation,K5,='05_Zijin_Assets'!K69
06_Zijin_Valuation,B6,=B5/B4
06_Zijin_Valuation,C6,=C5/C4
06_Zijin_Valuation,D6,=D5/D4
06_Zijin_Valuation,E6,=E5/E4
06_Zijin_Valuation,F6,=F5/F4
06_Zijin_Valuation,G6,=G5/G4
06_Zijin_Valuation,H6,=H5/H4
06_Zijin_Valuation,I6,=I5/I4
06_Zijin_Valuation,J6,=J5/J4
06_Zijin_Valuation,K6,=K5/K4
06_Zijin_Valuation,B7,='05_Zijin_Assets'!B70
06_Zijin_Valuation,C7,='05_Zijin_Assets'!C70
06_Zijin_Valuation,D7,='05_Zijin_Assets'!D70
06_Zijin_Valuation,E7,='05_Zijin_Assets'!E70
06_Zijin_Valuation,F7,='05_Zijin_Assets'!F70
06_Zijin_Valuation,G7,='05_Zijin_Assets'!G70
06_Zijin_Valuation,H7,='05_Zijin_Assets'!H70
06_Zijin_Valuation,I7,='05_Zijin_Assets'!I70
06_Zijin_Valuation,J7,='05_Zijin_Assets'!J70
06_Zijin_Valuation,K7,='05_Zijin_Assets'!K70
06_Zijin_Valuation,B9,=B5*B8/B4
06_Zijin_Valuation,C9,=C5*C8/C4
06_Zijin_Valuation,D9,=D5*D8/D4
06_Zijin_Valuation,E9,=E5*E8/E4
06_Zijin_Valuation,F9,=F5*F8/F4
06_Zijin_Valuation,G9,=G5*G8/G4
06_Zijin_Valuation,H9,=H5*H8/H4
06_Zijin_Valuation,I9,=I5*I8/I4
06_Zijin_Valuation,J9,=J5*J8/J4
06_Zijin_Valuation,K9,=K5*K8/K4
06_Zijin_Valuation,B14,='05_Zijin_Assets'!C17/(1+'07_Assumptions'!$B$4)^1+'05_Zijin_Assets'!D17/(1+'07_Assumptions'!$B$4)^2+'05_Zijin_Assets'!E17/(1+'07_Assumptions'!$B$4)^3+'05_Zijin_Assets'!F17/(1+'07_Assumptions'!$B$4)^4+'05_Zijin_Assets'!G17/(1+'07_Assumptions'!$B$4)^5+'05_Zijin_Assets'!H17/(1+'07_Assumptions'!$B$4)^6+'05_Zijin_Assets'!I17/(1+'07_Assumptions'!$B$4)^7+'05_Zijin_Assets'!J17/(1+'07_Assumptions'!$B$4)^8+'05_Zijin_Assets'!K17/(1+'07_Assumptions'!$B$4)^9+'05_Zijin_Assets'!$K$17*'07_Assumptions'!$C$27/(1+'07_Assumptions'!$B$4)^9
06_Zijin_Valuation,C14,='05_Zijin_Assets'!D17/(1+'07_Assumptions'!$B$4)^1+'05_Zijin_Assets'!E17/(1+'07_Assumptions'!$B$4)^2+'05_Zijin_Assets'!F17/(1+'07_Assumptions'!$B$4)^3+'05_Zijin_Assets'!G17/(1+'07_Assumptions'!$B$4)^4+'05_Zijin_Assets'!H17/(1+'07_Assumptions'!$B$4)^5+'05_Zijin_Assets'!I17/(1+'07_Assumptions'!$B$4)^6+'05_Zijin_Assets'!J17/(1+'07_Assumptions'!$B$4)^7+'05_Zijin_Assets'!K17/(1+'07_Assumptions'!$B$4)^8+'05_Zijin_Assets'!$K$17*'07_Assumptions'!$C$27/(1+'07_Assumptions'!$B$4)^8
06_Zijin_Valuation,D14,='05_Zijin_Assets'!E17/(1+'07_Assumptions'!$B$4)^1+'05_Zijin_Assets'!F17/(1+'07_Assumptions'!$B$4)^2+'05_Zijin_Assets'!G17/(1+'07_Assumptions'!$B$4)^3+'05_Zijin_Assets'!H17/(1+'07_Assumptions'!$B$4)^4+'05_Zijin_Assets'!I17/(1+'07_Assumptions'!$B$4)^5+'05_Zijin_Assets'!J17/(1+'07_Assumptions'!$B$4)^6+'05_Zijin_Assets'!K17/(1+'07_Assumptions'!$B$4)^7+'05_Zijin_Assets'!$K$17*'07_Assumptions'!$C$27/(1+'07_Assumptions'!$B$4)^7
06_Zijin_Valuation,E14,='05_Zijin_Assets'!F17/(1+'07_Assumptions'!$B$4)^1+'05_Zijin_Assets'!G17/(1+'07_Assumptions'!$B$4)^2+'05_Zijin_Assets'!H17/(1+'07_Assumptions'!$B$4)^3+'05_Zijin_Assets'!I17/(1+'07_Assumptions'!$B$4)^4+'05_Zijin_Assets'!J17/(1+'07_Assumptions'!$B$4)^5+'05_Zijin_Assets'!K17/(1+'07_Assumptions'!$B$4)^6+'05_Zijin_Assets'!$K$17*'07_Assumptions'!$C$27/(1+'07_Assumptions'!$B$4)^6
06_Zijin_Valuation,F14,='05_Zijin_Assets'!G17/(1+'07_Assumptions'!$B$4)^1+'05_Zijin_Assets'!H17/(1+'07_Assumptions'!$B$4)^2+'05_Zijin_Assets'!I17/(1+'07_Assumptions'!$B$4)^3+'05_Zijin_Assets'!J17/(1+'07_Assumptions'!$B$4)^4+'05_Zijin_Assets'!K17/(1+'07_Assumptions'!$B$4)^5+'05_Zijin_Assets'!$K$17*'07_Assumptions'!$C$27/(1+'07_Assumptions'!$B$4)^5
06_Zijin_Valuation,G14,='05_Zijin_Assets'!H17/(1+'07_Assumptions'!$B$4)^1+'05_Zijin_Assets'!I17/(1+'07_Assumptions'!$B$4)^2+'05_Zijin_Assets'!J17/(1+'07_Assumptions'!$B$4)^3+'05_Zijin_Assets'!K17/(1+'07_Assumptions'!$B$4)^4+'05_Zijin_Assets'!$K$17*'07_Assumptions'!$C$27/(1+'07_Assumptions'!$B$4)^4
06_Zijin_Valuation,H14,='05_Zijin_Assets'!I17/(1+'07_Assumptions'!$B$4)^1+'05_Zijin_Assets'!J17/(1+'07_Assumptions'!$B$4)^2+'05_Zijin_Assets'!K17/(1+'07_Assumptions'!$B$4)^3+'05_Zijin_Assets'!$K$17*'07_Assumptions'!$C$27/(1+'07_Assumptions'!$B$4)^3
06_Zijin_Valuation,I14,='05_Zijin_Assets'!J17/(1+'07_Assumptions'!$B$4)^1+'05_Zijin_Assets'!K17/(1+'07_Assumptions'!$B$4)^2+'05_Zijin_Assets'!$K$17*'07_Assumptions'!$C$27/(1+'07_Assumptions'!$B$4)^2
06_Zijin_Valuation,J14,='05_Zijin_Assets'!K17/(1+'07_Assumptions'!$B$4)^1+'05_Zijin_Assets'!$K$17*'07_Assumptions'!$C$27/(1+'07_Assumptions'!$B$4)^1
06_Zijin_Valuation,K14,='05_Zijin_Assets'!K17*'07_Assumptions'!$C$27
06_Zijin_Valuation,B15,='05_Zijin_Assets'!C28/(1+'07_Assumptions'!$B$4)^1+'05_Zijin_Assets'!D28/(1+'07_Assumptions'!$B$4)^2+'05_Zijin_Assets'!E28/(1+'07_Assumptions'!$B$4)^3+'05_Zijin_Assets'!F28/(1+'07_Assumptions'!$B$4)^4+'05_Zijin_Assets'!G28/(1+'07_Assumptions'!$B$4)^5+'05_Zijin_Assets'!H28/(1+'07_Assumptions'!$B$4)^6+'05_Zijin_Assets'!I28/(1+'07_Assumptions'!$B$4)^7+'05_Zijin_Assets'!J28/(1+'07_Assumptions'!$B$4)^8+'05_Zijin_Assets'!K28/(1+'07_Assumptions'!$B$4)^9+'05_Zijin_Assets'!$K$28*'07_Assumptions'!$C$30/(1+'07_Assumptions'!$B$4)^9
06_Zijin_Valuation,C15,='05_Zijin_Assets'!D28/(1+'07_Assumptions'!$B$4)^1+'05_Zijin_Assets'!E28/(1+'07_Assumptions'!$B$4)^2+'05_Zijin_Assets'!F28/(1+'07_Assumptions'!$B$4)^3+'05_Zijin_Assets'!G28/(1+'07_Assumptions'!$B$4)^4+'05_Zijin_Assets'!H28/(1+'07_Assumptions'!$B$4)^5+'05_Zijin_Assets'!I28/(1+'07_Assumptions'!$B$4)^6+'05_Zijin_Assets'!J28/(1+'07_Assumptions'!$B$4)^7+'05_Zijin_Assets'!K28/(1+'07_Assumptions'!$B$4)^8+'05_Zijin_Assets'!$K$28*'07_Assumptions'!$C$30/(1+'07_Assumptions'!$B$4)^8
06_Zijin_Valuation,D15,='05_Zijin_Assets'!E28/(1+'07_Assumptions'!$B$4)^1+'05_Zijin_Assets'!F28/(1+'07_Assumptions'!$B$4)^2+'05_Zijin_Assets'!G28/(1+'07_Assumptions'!$B$4)^3+'05_Zijin_Assets'!H28/(1+'07_Assumptions'!$B$4)^4+'05_Zijin_Assets'!I28/(1+'07_Assumptions'!$B$4)^5+'05_Zijin_Assets'!J28/(1+'07_Assumptions'!$B$4)^6+'05_Zijin_Assets'!K28/(1+'07_Assumptions'!$B$4)^7+'05_Zijin_Assets'!$K$28*'07_Assumptions'!$C$30/(1+'07_Assumptions'!$B$4)^7
06_Zijin_Valuation,E15,='05_Zijin_Assets'!F28/(1+'07_Assumptions'!$B$4)^1+'05_Zijin_Assets'!G28/(1+'07_Assumptions'!$B$4)^2+'05_Zijin_Assets'!H28/(1+'07_Assumptions'!$B$4)^3+'05_Zijin_Assets'!I28/(1+'07_Assumptions'!$B$4)^4+'05_Zijin_Assets'!J28/(1+'07_Assumptions'!$B$4)^5+'05_Zijin_Assets'!K28/(1+'07_Assumptions'!$B$4)^6+'05_Zijin_Assets'!$K$28*'07_Assumptions'!$C$30/(1+'07_Assumptions'!$B$4)^6
06_Zijin_Valuation,F15,='05_Zijin_Assets'!G28/(1+'07_Assumptions'!$B$4)^1+'05_Zijin_Assets'!H28/(1+'07_Assumptions'!$B$4)^2+'05_Zijin_Assets'!I28/(1+'07_Assumptions'!$B$4)^3+'05_Zijin_Assets'!J28/(1+'07_Assumptions'!$B$4)^4+'05_Zijin_Assets'!K28/(1+'07_Assumptions'!$B$4)^5+'05_Zijin_Assets'!$K$28*'07_Assumptions'!$C$30/(1+'07_Assumptions'!$B$4)^5
06_Zijin_Valuation,G15,='05_Zijin_Assets'!H28/(1+'07_Assumptions'!$B$4)^1+'05_Zijin_Assets'!I28/(1+'07_Assumptions'!$B$4)^2+'05_Zijin_Assets'!J28/(1+'07_Assumptions'!$B$4)^3+'05_Zijin_Assets'!K28/(1+'07_Assumptions'!$B$4)^4+'05_Zijin_Assets'!$K$28*'07_Assumptions'!$C$30/(1+'07_Assumptions'!$B$4)^4
06_Zijin_Valuation,H15,='05_Zijin_Assets'!I28/(1+'07_Assumptions'!$B$4)^1+'05_Zijin_Assets'!J28/(1+'07_Assumptions'!$B$4)^2+'05_Zijin_Assets'!K28/(1+'07_Assumptions'!$B$4)^3+'05_Zijin_Assets'!$K$28*'07_Assumptions'!$C$30/(1+'07_Assumptions'!$B$4)^3
06_Zijin_Valuation,I15,='05_Zijin_Assets'!J28/(1+'07_Assumptions'!$B$4)^1+'05_Zijin_Assets'!K28/(1+'07_Assumptions'!$B$4)^2+'05_Zijin_Assets'!$K$28*'07_Assumptions'!$C$30/(1+'07_Assumptions'!$B$4)^2
06_Zijin_Valuation,J15,='05_Zijin_Assets'!K28/(1+'07_Assumptions'!$B$4)^1+'05_Zijin_Assets'!$K$28*'07_Assumptions'!$C$30/(1+'07_Assumptions'!$B$4)^1
06_Zijin_Valuation,K15,='05_Zijin_Assets'!K28*'07_Assumptions'!$C$30
06_Zijin_Valuation,B16,='05_Zijin_Assets'!C32/(1+'07_Assumptions'!$B$4)^1+'05_Zijin_Assets'!D32/(1+'07_Assumptions'!$B$4)^2+'05_Zijin_Assets'!E32/(1+'07_Assumptions'!$B$4)^3+'05_Zijin_Assets'!F32/(1+'07_Assumptions'!$B$4)^4+'05_Zijin_Assets'!G32/(1+'07_Assumptions'!$B$4)^5+'05_Zijin_Assets'!H32/(1+'07_Assumptions'!$B$4)^6+'05_Zijin_Assets'!I32/(1+'07_Assumptions'!$B$4)^7+'05_Zijin_Assets'!J32/(1+'07_Assumptions'!$B$4)^8+'05_Zijin_Assets'!K32/(1+'07_Assumptions'!$B$4)^9+'05_Zijin_Assets'!$K$32*'07_Assumptions'!$C$31/(1+'07_Assumptions'!$B$4)^9
09_Cu_Sensitivity,C4,=F19
09_Cu_Sensitivity,D4,=F24
09_Cu_Sensitivity,E4,=B27
09_Cu_Sensitivity,F4,=C27
09_Cu_Sensitivity,G4,=D27
09_Cu_Sensitivity,C5,=F35
09_Cu_Sensitivity,D5,=F40
09_Cu_Sensitivity,E5,=B43
09_Cu_Sensitivity,F5,=C43
09_Cu_Sensitivity,G5,=D43
09_Cu_Sensitivity,C6,=F51
09_Cu_Sensitivity,D6,=F56
09_Cu_Sensitivity,E6,=B59
09_Cu_Sensitivity,F6,=C59
09_Cu_Sensitivity,G6,=D59
09_Cu_Sensitivity,C7,=M19
09_Cu_Sensitivity,D7,=M24
09_Cu_Sensitivity,E7,=B28
09_Cu_Sensitivity,F7,=C28
09_Cu_Sensitivity,G7,=D28
09_Cu_Sensitivity,C8,=M35
09_Cu_Sensitivity,D8,=M40
09_Cu_Sensitivity,E8,=B44
09_Cu_Sensitivity,F8,=C44
09_Cu_Sensitivity,G8,=D44
09_Cu_Sensitivity,C9,=M51
09_Cu_Sensitivity,D9,=M56
09_Cu_Sensitivity,E9,=B60
09_Cu_Sensitivity,F9,=C60
09_Cu_Sensitivity,G9,=D60
09_Cu_Sensitivity,B15,='01_Copper_Market'!B4
09_Cu_Sensitivity,C15,=B15*'01_Copper_Market'!B12
09_Cu_Sensitivity,D15,='02_Shared_Julong'!B4*1000*(C15-'02_Shared_Julong'!B6)/1000000000
09_Cu_Sensitivity,E15,=D15*'02_Shared_Julong'!B9
09_Cu_Sensitivity,F15,=D15*'07_Assumptions'!$B$5+'03_Zangge_Unique'!B12+'03_Zangge_Unique'!B18
09_Cu_Sensitivity,G15,"=MAX(0,('05_Zijin_Assets'!B18*1000*C15*'07_Assumptions'!$B$13/1000000000-'05_Zijin_Assets'!B23-'05_Zijin_Assets'!B24))*(1-'07_Assumptions'!$B$14)*'05_Zijin_Assets'!B9"
09_Cu_Sensitivity,H15,"=('05_Zijin_Assets'!B18*1000*C15*'07_Assumptions'!$B$13/1000000000-'05_Zijin_Assets'!B23-MAX(0,('05_Zijin_Assets'!B18*1000*C15*'07_Assumptions'!$B$13/1000000000-'05_Zijin_Assets'!B23-'05_Zijin_Assets'!B24))*'07_Assumptions'!$B$14-'05_Zijin_Assets'!B21*'01_Copper_Market'!B12)*'05_Zijin_Assets'!B9*'07_Assumptions'!$B$15"
09_Cu_Sensitivity,I15,='05_Zijin_Assets'!B13*1000*(C15-'05_Zijin_Assets'!B29)/1000000000*55%
09_Cu_Sensitivity,J15,=I15*'05_Zijin_Assets'!B31
09_Cu_Sensitivity,K15,='05_Zijin_Assets'!B14*1000*(C15-'05_Zijin_Assets'!B33)/1000000000*50%
09_Cu_Sensitivity,L15,=K15*'05_Zijin_Assets'!B35
09_Cu_Sensitivity,M15,=D15*'07_Assumptions'!$B$6+G15+I15+K15+('05_Zijin_Assets'!B69-'05_Zijin_Assets'!B16-'05_Zijin_Assets'!B27-'05_Zijin_Assets'!B30-'05_Zijin_Assets'!B34)
09_Cu_Sensitivity,N15,=E15*'07_Assumptions'!$B$6+H15+J15+L15+('05_Zijin_Assets'!B70-'05_Zijin_Assets'!B17-'05_Zijin_Assets'!B28-'05_Zijin_Assets'!B32-'05_Zijin_Assets'!B36)
09_Cu_Sensitivity,B16,='01_Copper_Market'!C4
09_Cu_Sensitivity,C16,=B16*'01_Copper_Market'!C12
09_Cu_Sensitivity,D16,='02_Shared_Julong'!C4*1000*(C16-'02_Shared_Julong'!C6)/1000000000
09_Cu_Sensitivity,E16,=D16*'02_Shared_Julong'!C9
09_Cu_Sensitivity,F16,=D16*'07_Assumptions'!$B$5+'03_Zangge_Unique'!C12+'03_Zangge_Unique'!C18
09_Cu_Sensitivity,G16,"=MAX(0,('05_Zijin_Assets'!C18*1000*C16*'07_Assumptions'!$B$13/1000000000-'05_Zijin_Assets'!C23-'05_Zijin_Assets'!C24))*(1-'07_Assumptions'!$B$14)*'05_Zijin_Assets'!C9"
09_Cu_Sensitivity,H16,"=('05_Zijin_Assets'!C18*1000*C16*'07_Assumptions'!$B$13/1000000000-'05_Zijin_Assets'!C23-MAX(0,('05_Zijin_Assets'!C18*1000*C16*'07_Assumptions'!$B$13/1000000000-'05_Zijin_Assets'!C23-'05_Zijin_Assets'!C24))*'07_Assumptions'!$B$14-'05_Zijin_Assets'!C21*'01_Copper_Market'!C12)*'05_Zijin_Assets'!C9*'07_Assumptions'!$B$15"
09_Cu_Sensitivity,I16,='05_Zijin_Assets'!C13*1000*(C16-'05_Zijin_Assets'!C29)/1000000000*55%
09_Cu_Sensitivity,J16,=I16*'05_Zijin_Assets'!C31
09_Cu_Sensitivity,K16,='05_Zijin_Assets'!C14*1000*(C16-'05_Zijin_Assets'!C33)/1000000000*50%
09_Cu_Sensitivity,L16,=K16*'05_Zijin_Assets'!C35
09_Cu_Sensitivity,M16,=D16*'07_Assumptions'!$B$6+G16+I16+K16+('05_Zijin_Assets'!C69-'05_Zijin_Assets'!C16-'05_Zijin_Assets'!C27-'05_Zijin_Assets'!C30-'05_Zijin_Assets'!C34)
09_Cu_Sensitivity,N16,=E16*'07_Assumptions'!$B$6+H16+J16+L16+('05_Zijin_Assets'!C70-'05_Zijin_Assets'!C17-'05_Zijin_Assets'!C28-'05_Zijin_Assets'!C32-'05_Zijin_Assets'!C36)
09_Cu_Sensitivity,B17,='01_Copper_Market'!D4
09_Cu_Sensitivity,C17,=B17*'01_Copper_Market'!D12
09_Cu_Sensitivity,D17,='02_Shared_Julong'!D4*1000*(C17-'02_Shared_Julong'!D6)/1000000000
09_Cu_Sensitivity,E17,=D17*'02_Shared_Julong'!D9
09_Cu_Sensitivity,F17,=D17*'07_Assumptions'!$B$5+'03_Zangge_Unique'!D12+'03_Zangge_Unique'!D18
09_Cu_Sensitivity,G17,"=MAX(0,('05_Zijin_Assets'!D18*1000*C17*'07_Assumptions'!$B$13/1000000000-'05_Zijin_Assets'!D23-'05_Zijin_Assets'!D24))*(1-'07_Assumptions'!$B$14)*'05_Zijin_Assets'!D9"
09_Cu_Sensitivity,H17,"=('05_Zijin_Assets'!D18*1000*C17*'07_Assumptions'!$B$13/1000000000-'05_Zijin_Assets'!D23-MAX(0,('05_Zijin_Assets'!D18*1000*C17*'07_Assumptions'!$B$13/1000000000-'05_Zijin_Assets'!D23-'05_Zijin_Assets'!D24))*'07_Assumptions'!$B$14-'05_Zijin_Assets'!D21*'01_Copper_Market'!D12)*'05_Zijin_Assets'!D9*'07_Assumptions'!$B$15"
09_Cu_Sensitivity,I17,='05_Zijin_Assets'!D13*1000*(C17-'05_Zijin_Assets'!D29)/1000000000*55%
09_Cu_Sensitivity,J17,=I17*'05_Zijin_Assets'!D31
09_Cu_Sensitivity,K17,='05_Zijin_Assets'!D14*1000*(C17-'05_Zijin_Assets'!D33)/1000000000*50%
09_Cu_Sensitivity,L17,=K17*'05_Zijin_Assets'!D35
09_Cu_Sensitivity,M17,=D17*'07_Assumptions'!$B$6+G17+I17+K17+('05_Zijin_Assets'!D69-'05_Zijin_Assets'!D16-'05_Zijin_Assets'!D27-'05_Zijin_Assets'!D30-'05_Zijin_Assets'!D34)
09_Cu_Sensitivity,N17,=E17*'07_Assumptions'!$B$6+H17+J17+L17+('05_Zijin_Assets'!D70-'05_Zijin_Assets'!D17-'05_Zijin_Assets'!D28-'05_Zijin_Assets'!D32-'05_Zijin_Assets'!D36)
09_Cu_Sensitivity,B18,='01_Copper_Market'!E4
09_Cu_Sensitivity,C18,=B18*'01_Copper_Market'!E12
09_Cu_Sensitivity,D18,='02_Shared_Julong'!E4*1000*(C18-'02_Shared_Julong'!E6)/1000000000
09_Cu_Sensitivity,E18,=D18*'02_Shared_Julong'!E9
09_Cu_Sensitivity,F18,=D18*'07_Assumptions'!$B$5+'03_Zangge_Unique'!E12+'03_Zangge_Unique'!E18
09_Cu_Sensitivity,G18,"=MAX(0,('05_Zijin_Assets'!E18*1000*C18*'07_Assumptions'!$B$13/1000000000-'05_Zijin_Assets'!E23-'05_Zijin_Assets'!E24))*(1-'07_Assumptions'!$B$14)*'05_Zijin_Assets'!E9"
09_Cu_Sensitivity,H18,"=('05_Zijin_Assets'!E18*1000*C18*'07_Assumptions'!$B$13/1000000000-'05_Zijin_Assets'!E23-MAX(0,('05_Zijin_Assets'!E18*1000*C18*'07_Assumptions'!$B$13/1000000000-'05_Zijin_Assets'!E23-'05_Zijin_Assets'!E24))*'07_Assumptions'!$B$14-'05_Zijin_Assets'!E21*'01_Copper_Market'!E12)*'05_Zijin_Assets'!E9*'07_Assumptions'!$B$15"
09_Cu_Sensitivity,I18,='05_Zijin_Assets'!E13*1000*(C18-'05_Zijin_Assets'!E29)/1000000000*55%
09_Cu_Sensitivity,J18,=I18*'05_Zijin_Assets'!E31
09_Cu_Sensitivity,K18,='05_Zijin_Assets'!E14*1000*(C18-'05_Zijin_Assets'!E33)/1000000000*50%
09_Cu_Sensitivity,L18,=K18*'05_Zijin_Assets'!E35
09_Cu_Sensitivity,M18,=D18*'07_Assumptions'!$B$6+G18+I18+K18+('05_Zijin_Assets'!E69-'05_Zijin_Assets'!E16-'05_Zijin_Assets'!E27-'05_Zijin_Assets'!E30-'05_Zijin_Assets'!E34)
09_Cu_Sensitivity,N18,=E18*'07_Assumptions'!$B$6+H18+J18+L18+('05_Zijin_Assets'!E70-'05_Zijin_Assets'!E17-'05_Zijin_Assets'!E28-'05_Zijin_Assets'!E32-'05_Zijin_Assets'!E36)
09_Cu_Sensitivity,B19,='01_Copper_Market'!F4
09_Cu_Sensitivity,C19,=B19*'01_Copper_Market'!F12
09_Cu_Sensitivity,D19,='02_Shared_Julong'!F4*1000*(C19-'02_Shared_Julong'!F6)/1000000000
09_Cu_Sensitivity,E19,=D19*'02_Shared_Julong'!F9
09_Cu_Sensitivity,F19,=D19*'07_Assumptions'!$B$5+'03_Zangge_Unique'!F12+'03_Zangge_Unique'!F18
